Workbook

Sheet Start here
A1: Start here
A2: One minute, then you know the whole pack. Made by Staffbook. Free to keep, copy and share.
A4: The rule for every tab: white cells are yours to type in. Tinted cells work themselves out.
A6: Annex A staffing | B6: The staffing numbers Ofsted asks for on notice of a full inspection (Section 7 of Annex A), answered from your staff list and agency log. Fill those two tabs and this one fills itself.
A7: Staff list | B7: One row per person, leavers included. Start date, contract, hours, level 3 dates, first aid. The regulation 32 status works itself out.
A8: Agency shifts | B8: One line per agency shift. Ofsted counts the shifts and the different people; so does this.
A9: Training matrix | B9: Type each person's name, then the date they did each course under "Done on". The tinted cell beside it fills in the expiry. In Excel and Google Sheets it also turns green, amber or red.
A10: Supervision tracker | B10: Name, your cycle in days, date of the last supervision. It flags OVERDUE by itself. Put the manager on the list too.
A11: DBS re-check log | B11: For staff on the Update Service: note each status check and it works out when the next one is due.
A12: Governance clocks | B12: Date each document was last reviewed; next-due dates compute. The monthly visit grid lives here too.
A13: Staff file checklist | B13: One copy of this tab per person. It is the exact list an inspector reads a file against.
A14: Employment gaps | B14: The most common file failure. Work backwards from their current job; every gap over a month gets one written sentence.
A15: Inspection self-audit | B15: The eleven things every inspection opens with. Grade yourself honestly.
A17: Each tab has an example row you can overtype or delete.
A18: staffbook.co.uk

Sheet Annex A staffing
A1: Annex A, the staffing answers
A2: Ofsted's request for information at a full inspection of a children's home (Section 7, staffing; form updated 1 April 2026). Fill the Staff list and Agency shifts tabs and these answer themselves. The numbers are the form's at the time of writing; check the wording against the copy Ofsted sends you.
B4: Your answers
B5: Date of the last full inspection | D5: Everything "since the last full inspection" counts from this date
B6: Care staff vacancies today
B7: Registered manager holds the level 5 diploma or equivalent (Yes/No)
B8: Registered manager holds a level 4 diploma or equivalent (Yes/No)
B9: If both are No: the qualification held, or "post vacant"
B10: Staff trained on children's healthcare needs since the last inspection (Yes/No)
A12: Q | B12: The form asks | C12: Answer (auto) | D12: Where it comes from
A13: 28.1 | B13: Does the registered manager hold the level 5 diploma or equivalent? | C13: =IF(C7="","",C7) | D13: Your answer above
A14: 28.2 | B14: Does the registered manager hold a level 4 diploma or equivalent? | C14: =IF(C8="","",C8) | D14: Your answer above
A15: 28.3 | B15: If both are no, the qualification held, or "post vacant" | C15: =IF(C9="","",C9) | D15: Your answer above
A16: 29.1 | B16: Number of new staff in a care role since the last full inspection | C16: =IF($C$5="","",COUNTIFS('Staff list'!$B$6:$B$45,"Yes",'Staff list'!$E$6:$E$45,">"&$C$5)) | D16: Staff list: care role, start date after the inspection date
A17: 29.2 | B17: Number of staff in a care role who have left since the last full inspection | C17: =IF($C$5="","",COUNTIFS('Staff list'!$B$6:$B$45,"Yes",'Staff list'!$F$6:$F$45,">"&$C$5)) | D17: Staff list: care role, left on after the inspection date
A18: 30.1 | B18: How many times have agency or other non-permanent staff been used in a care role since the last full inspection? | C18: =IF($C$5="","",COUNTIFS('Agency shifts'!$A$6:$A$205,">"&$C$5)) | D18: Agency shifts: lines dated after the inspection date
A19: 30.2 | B19: How many different members of agency or other non-permanent staff have been used in a care role since the last full inspection? | C19: =IF($C$5="","",SUMPRODUCT((('Agency shifts'!$A$6:$A$205>$C$5)*('Agency shifts'!$B$6:$B$205<>""))/(COUNTIFS('Agency shifts'!$B$6:$B$205,'Agency shifts'!$B$6:$B$205&"",'Agency shifts'!$A$6:$A$205,">"&$C$5)+('Agency shifts'!$A$6:$A$205<=$C$5)+('Agency shifts'!$B$6:$B$205="")))) | D19: Agency shifts: different names after the inspection date
A20: 31.1 | B20: Number of permanent staff in a care role (people) | C20: =COUNTIFS('Staff list'!$B$6:$B$45,"Yes",'Staff list'!$F$6:$F$45,"",'Staff list'!$C$6:$C$45,"Permanent") | D20: Staff list: care role, permanent, not left
A21: 31.2 | B21: How many of these permanent staff in a care role work part time only? | C21: =COUNTIFS('Staff list'!$B$6:$B$45,"Yes",'Staff list'!$F$6:$F$45,"",'Staff list'!$C$6:$C$45,"Permanent",'Staff list'!$D$6:$D$45,"Part time") | D21: Staff list: as above, part time
A22: 32.1 | B22: Number of agency/other (non-permanent) staff in a care role (people) | C22: =COUNTIFS('Staff list'!$B$6:$B$45,"Yes",'Staff list'!$F$6:$F$45,"",'Staff list'!$C$6:$C$45,"Agency or temporary") | D22: Staff list: care role, agency or temporary, not left
A23: 32.2 | B23: How many of these agency/other (non-permanent) staff work in a care role part time only? | C23: =COUNTIFS('Staff list'!$B$6:$B$45,"Yes",'Staff list'!$F$6:$F$45,"",'Staff list'!$C$6:$C$45,"Agency or temporary",'Staff list'!$D$6:$D$45,"Part time") | D23: Staff list: as above, part time
A24: 33 | B24: Number of staff in a care role with a level 3 diploma or equivalent | C24: =COUNTIFS('Staff list'!$B$6:$B$45,"Yes",'Staff list'!$F$6:$F$45,"",'Staff list'!$G$6:$G$45,"<>") | D24: Staff list: care role, not left, level 3 held on filled
A25: 34.1 | B25: Number of staff in a care role for whom the relevant date for qualification under Regulation 32 has passed | C25: =COUNTIFS('Staff list'!$B$6:$B$45,"Yes",'Staff list'!$F$6:$F$45,"",'Staff list'!$D$6:$D$45,"Full time",'Staff list'!$E$6:$E$45,"<="&EDATE(TODAY(),-24))+COUNTIFS('Staff list'!$B$6:$B$45,"Yes",'Staff list'!$F$6:$F$45,"",'Staff list'!$D$6:$D$45,"Part time",'Staff list'!$E$6:$E$45,"<="&EDATE(TODAY(),-60)) | D25: Staff list: started over two years ago (five for part time, the form's own suggestion)
A26: 34.2 | B26: How many of the staff in 34.1 are qualified to diploma level 3? | C26: =COUNTIFS('Staff list'!$B$6:$B$45,"Yes",'Staff list'!$F$6:$F$45,"",'Staff list'!$D$6:$D$45,"Full time",'Staff list'!$E$6:$E$45,"<="&EDATE(TODAY(),-24),'Staff list'!$G$6:$G$45,"<>")+COUNTIFS('Staff list'!$B$6:$B$45,"Yes",'Staff list'!$F$6:$F$45,"",'Staff list'!$D$6:$D$45,"Part time",'Staff list'!$E$6:$E$45,"<="&EDATE(TODAY(),-60),'Staff list'!$G$6:$G$45,"<>") | D26: Staff list: as 34.1 with level 3 held on filled
A27: 34.3 | B27: How many of the staff in 34.1 are undertaking the diploma level 3? | C27: =COUNTIFS('Staff list'!$B$6:$B$45,"Yes",'Staff list'!$F$6:$F$45,"",'Staff list'!$D$6:$D$45,"Full time",'Staff list'!$E$6:$E$45,"<="&EDATE(TODAY(),-24),'Staff list'!$G$6:$G$45,"",'Staff list'!$H$6:$H$45,"<>")+COUNTIFS('Staff list'!$B$6:$B$45,"Yes",'Staff list'!$F$6:$F$45,"",'Staff list'!$D$6:$D$45,"Part time",'Staff list'!$E$6:$E$45,"<="&EDATE(TODAY(),-60),'Staff list'!$G$6:$G$45,"",'Staff list'!$H$6:$H$45,"<>") | D27: Staff list: as 34.1, started but not held
A28: 34.4 | B28: Names and expected qualification dates of staff in 34.3 | C28: See the Staff list: rows whose Status reads "Date passed, undertaking", with the date in Level 3 expected | D28: Staff list, Status column
A29: 35 | B29: Number of all staff with a valid first aid qualification | C29: =COUNTIFS('Staff list'!$F$6:$F$45,"",'Staff list'!$J$6:$J$45,">="&TODAY()) | D29: Staff list: not left, first aid valid until today or later
A30: 36 | B30: How many staff vacancies (for staff in a care role) do you currently have? | C30: =IF(C6="","",C6) | D30: Your answer above
A31: 37 | B31: Have staff received specific training since the last inspection in relation to children's healthcare needs? | C31: =IF(C10="","",C10) | D31: Your answer above
B32: Date the statement of purpose was last updated | C32: =IF('Governance clocks'!B5="","",'Governance clocks'!B5) | D32: Governance clocks, row 5
B33: Date of the last annual assessment of the location of the home | C33: =IF('Governance clocks'!B6="","",'Governance clocks'!B6) | D33: Governance clocks, row 6
A35: Regulation 32: care staff complete the level 3 diploma within two years of starting (the form suggests five years for part time). Regulation 28: the registered manager completes the level 5 within three years.

Sheet Staff list
A1: Staff list
A2: One row per person, leavers included (put the date they left in column F; they stay for the counts). Care role means they work directly with the children. The Status column works itself out from regulation 32: the level 3 within two years of starting, five years for part time.
A4: Staff member | B4: Care role? (Yes/No) | C4: Contract (Permanent / Agency or temporary) | D4: Hours (Full time / Part time) | E4: Start date | F4: Left on | G4: Level 3 held on | H4: Level 3 started on | I4: Level 3 expected | J4: First aid valid until | K4: Notes | L4: Regulation 32 status (auto)
A5: Type in the white cells. Yes/No, Permanent/Agency or temporary and Full time/Part time must be spelled that way for the counts.
A6: Example, overtype or delete me | B6: Yes | C6: Permanent | D6: Full time | E6: 45371 | H6: 45971 | I6: 46391 | J6: 46471 | L6: =IF(OR(B6<>"Yes",F6<>""),"",IF(G6<>"","Qualified",IF(E6="","",IF(E6<=EDATE(TODAY(),IF(D6="Part time",-60,-24)),IF(H6<>"","Date passed, undertaking","Date passed, not started"),IF(H6<>"","Undertaking, in time","Due by "&TEXT(EDATE(E6,24),"dd/mm/yyyy"))))))
L7: =IF(OR(B7<>"Yes",F7<>""),"",IF(G7<>"","Qualified",IF(E7="","",IF(E7<=EDATE(TODAY(),IF(D7="Part time",-60,-24)),IF(H7<>"","Date passed, undertaking","Date passed, not started"),IF(H7<>"","Undertaking, in time","Due by "&TEXT(EDATE(E7,24),"dd/mm/yyyy"))))))
L8: =IF(OR(B8<>"Yes",F8<>""),"",IF(G8<>"","Qualified",IF(E8="","",IF(E8<=EDATE(TODAY(),IF(D8="Part time",-60,-24)),IF(H8<>"","Date passed, undertaking","Date passed, not started"),IF(H8<>"","Undertaking, in time","Due by "&TEXT(EDATE(E8,24),"dd/mm/yyyy"))))))
L9: =IF(OR(B9<>"Yes",F9<>""),"",IF(G9<>"","Qualified",IF(E9="","",IF(E9<=EDATE(TODAY(),IF(D9="Part time",-60,-24)),IF(H9<>"","Date passed, undertaking","Date passed, not started"),IF(H9<>"","Undertaking, in time","Due by "&TEXT(EDATE(E9,24),"dd/mm/yyyy"))))))
L10: =IF(OR(B10<>"Yes",F10<>""),"",IF(G10<>"","Qualified",IF(E10="","",IF(E10<=EDATE(TODAY(),IF(D10="Part time",-60,-24)),IF(H10<>"","Date passed, undertaking","Date passed, not started"),IF(H10<>"","Undertaking, in time","Due by "&TEXT(EDATE(E10,24),"dd/mm/yyyy"))))))
L11: =IF(OR(B11<>"Yes",F11<>""),"",IF(G11<>"","Qualified",IF(E11="","",IF(E11<=EDATE(TODAY(),IF(D11="Part time",-60,-24)),IF(H11<>"","Date passed, undertaking","Date passed, not started"),IF(H11<>"","Undertaking, in time","Due by "&TEXT(EDATE(E11,24),"dd/mm/yyyy"))))))
L12: =IF(OR(B12<>"Yes",F12<>""),"",IF(G12<>"","Qualified",IF(E12="","",IF(E12<=EDATE(TODAY(),IF(D12="Part time",-60,-24)),IF(H12<>"","Date passed, undertaking","Date passed, not started"),IF(H12<>"","Undertaking, in time","Due by "&TEXT(EDATE(E12,24),"dd/mm/yyyy"))))))
L13: =IF(OR(B13<>"Yes",F13<>""),"",IF(G13<>"","Qualified",IF(E13="","",IF(E13<=EDATE(TODAY(),IF(D13="Part time",-60,-24)),IF(H13<>"","Date passed, undertaking","Date passed, not started"),IF(H13<>"","Undertaking, in time","Due by "&TEXT(EDATE(E13,24),"dd/mm/yyyy"))))))
L14: =IF(OR(B14<>"Yes",F14<>""),"",IF(G14<>"","Qualified",IF(E14="","",IF(E14<=EDATE(TODAY(),IF(D14="Part time",-60,-24)),IF(H14<>"","Date passed, undertaking","Date passed, not started"),IF(H14<>"","Undertaking, in time","Due by "&TEXT(EDATE(E14,24),"dd/mm/yyyy"))))))
L15: =IF(OR(B15<>"Yes",F15<>""),"",IF(G15<>"","Qualified",IF(E15="","",IF(E15<=EDATE(TODAY(),IF(D15="Part time",-60,-24)),IF(H15<>"","Date passed, undertaking","Date passed, not started"),IF(H15<>"","Undertaking, in time","Due by "&TEXT(EDATE(E15,24),"dd/mm/yyyy"))))))
L16: =IF(OR(B16<>"Yes",F16<>""),"",IF(G16<>"","Qualified",IF(E16="","",IF(E16<=EDATE(TODAY(),IF(D16="Part time",-60,-24)),IF(H16<>"","Date passed, undertaking","Date passed, not started"),IF(H16<>"","Undertaking, in time","Due by "&TEXT(EDATE(E16,24),"dd/mm/yyyy"))))))
L17: =IF(OR(B17<>"Yes",F17<>""),"",IF(G17<>"","Qualified",IF(E17="","",IF(E17<=EDATE(TODAY(),IF(D17="Part time",-60,-24)),IF(H17<>"","Date passed, undertaking","Date passed, not started"),IF(H17<>"","Undertaking, in time","Due by "&TEXT(EDATE(E17,24),"dd/mm/yyyy"))))))
L18: =IF(OR(B18<>"Yes",F18<>""),"",IF(G18<>"","Qualified",IF(E18="","",IF(E18<=EDATE(TODAY(),IF(D18="Part time",-60,-24)),IF(H18<>"","Date passed, undertaking","Date passed, not started"),IF(H18<>"","Undertaking, in time","Due by "&TEXT(EDATE(E18,24),"dd/mm/yyyy"))))))
... L45: =IF(OR(B45<>"Yes",F45<>""),"",IF(G45<>"","Qualified",IF(E45="","",IF(E45<=EDATE(TODAY(),IF(D45="Part time",-60,-24)),IF(H45<>"","Date passed, undertaking","Date passed, not started"),IF(H45<>"","Undertaking, in time","Due by "&TEXT(EDATE(E45,24),"dd/mm/yyyy"))))))

Sheet Agency shifts
A1: Agency shifts
A2: One line each time an agency or other non-permanent person covers a care shift. Ofsted asks for the number of times and the number of different people since the last full inspection; both count themselves on the Annex A tab.
A4: Date | B4: Person | C4: Agency | D4: Shift | E4: Notes
A5: Spell a person's name the same way each time; the count of different people relies on it.
A6: 46251 | B6: Example, overtype or delete me | C6: Agency name | D6: Night

Sheet Training matrix
A1: Training matrix
A2: Type the name, then the date each course was done under "Done on". The tinted Expires cell beside it fills in by itself. The eight courses and renewal periods here are common ones, not a rule: your statement of purpose and risk assessments set your list, so rename the headings and change the months in the formulas to match.
A4: Staff member | B4: Safeguarding Children (renews every 1 year) | D4: First Aid (renews every 3 years) | F4: Fire Safety (renews every 1 year) | H4: Medication Administration (renews every 1 year) | J4: Food Hygiene (renews every 3 years) | L4: Health and Safety (renews every 1 year) | N4: Physical Intervention (renews every 1 year) | P4: Prevent / Online Safety (renews every 2 years)
B5: Done on | C5: Expires (auto) | D5: Done on | E5: Expires (auto) | F5: Done on | G5: Expires (auto) | H5: Done on | I5: Expires (auto) | J5: Done on | K5: Expires (auto) | L5: Done on | M5: Expires (auto) | N5: Done on | O5: Expires (auto) | P5: Done on | Q5: Expires (auto)
A6: Example, overtype or delete me | B6: 45871 | C6: =IF(B6="","",EDATE(B6,12)) | D6: 45271 | E6: =IF(D6="","",EDATE(D6,36)) | F6: 45921 | G6: =IF(F6="","",EDATE(F6,12)) | I6: =IF(H6="","",EDATE(H6,12)) | K6: =IF(J6="","",EDATE(J6,36)) | M6: =IF(L6="","",EDATE(L6,12)) | O6: =IF(N6="","",EDATE(N6,12)) | Q6: =IF(P6="","",EDATE(P6,24))
C7: =IF(B7="","",EDATE(B7,12)) | E7: =IF(D7="","",EDATE(D7,36)) | G7: =IF(F7="","",EDATE(F7,12)) | I7: =IF(H7="","",EDATE(H7,12)) | K7: =IF(J7="","",EDATE(J7,36)) | M7: =IF(L7="","",EDATE(L7,12)) | O7: =IF(N7="","",EDATE(N7,12)) | Q7: =IF(P7="","",EDATE(P7,24))
C8: =IF(B8="","",EDATE(B8,12)) | E8: =IF(D8="","",EDATE(D8,36)) | G8: =IF(F8="","",EDATE(F8,12)) | I8: =IF(H8="","",EDATE(H8,12)) | K8: =IF(J8="","",EDATE(J8,36)) | M8: =IF(L8="","",EDATE(L8,12)) | O8: =IF(N8="","",EDATE(N8,12)) | Q8: =IF(P8="","",EDATE(P8,24))
C9: =IF(B9="","",EDATE(B9,12)) | E9: =IF(D9="","",EDATE(D9,36)) | G9: =IF(F9="","",EDATE(F9,12)) | I9: =IF(H9="","",EDATE(H9,12)) | K9: =IF(J9="","",EDATE(J9,36)) | M9: =IF(L9="","",EDATE(L9,12)) | O9: =IF(N9="","",EDATE(N9,12)) | Q9: =IF(P9="","",EDATE(P9,24))
C10: =IF(B10="","",EDATE(B10,12)) | E10: =IF(D10="","",EDATE(D10,36)) | G10: =IF(F10="","",EDATE(F10,12)) | I10: =IF(H10="","",EDATE(H10,12)) | K10: =IF(J10="","",EDATE(J10,36)) | M10: =IF(L10="","",EDATE(L10,12)) | O10: =IF(N10="","",EDATE(N10,12)) | Q10: =IF(P10="","",EDATE(P10,24))
C11: =IF(B11="","",EDATE(B11,12)) | E11: =IF(D11="","",EDATE(D11,36)) | G11: =IF(F11="","",EDATE(F11,12)) | I11: =IF(H11="","",EDATE(H11,12)) | K11: =IF(J11="","",EDATE(J11,36)) | M11: =IF(L11="","",EDATE(L11,12)) | O11: =IF(N11="","",EDATE(N11,12)) | Q11: =IF(P11="","",EDATE(P11,24))
C12: =IF(B12="","",EDATE(B12,12)) | E12: =IF(D12="","",EDATE(D12,36)) | G12: =IF(F12="","",EDATE(F12,12)) | I12: =IF(H12="","",EDATE(H12,12)) | K12: =IF(J12="","",EDATE(J12,36)) | M12: =IF(L12="","",EDATE(L12,12)) | O12: =IF(N12="","",EDATE(N12,12)) | Q12: =IF(P12="","",EDATE(P12,24))
C13: =IF(B13="","",EDATE(B13,12)) | E13: =IF(D13="","",EDATE(D13,36)) | G13: =IF(F13="","",EDATE(F13,12)) | I13: =IF(H13="","",EDATE(H13,12)) | K13: =IF(J13="","",EDATE(J13,36)) | M13: =IF(L13="","",EDATE(L13,12)) | O13: =IF(N13="","",EDATE(N13,12)) | Q13: =IF(P13="","",EDATE(P13,24))
C14: =IF(B14="","",EDATE(B14,12)) | E14: =IF(D14="","",EDATE(D14,36)) | G14: =IF(F14="","",EDATE(F14,12)) | I14: =IF(H14="","",EDATE(H14,12)) | K14: =IF(J14="","",EDATE(J14,36)) | M14: =IF(L14="","",EDATE(L14,12)) | O14: =IF(N14="","",EDATE(N14,12)) | Q14: =IF(P14="","",EDATE(P14,24))
C15: =IF(B15="","",EDATE(B15,12)) | E15: =IF(D15="","",EDATE(D15,36)) | G15: =IF(F15="","",EDATE(F15,12)) | I15: =IF(H15="","",EDATE(H15,12)) | K15: =IF(J15="","",EDATE(J15,36)) | M15: =IF(L15="","",EDATE(L15,12)) | O15: =IF(N15="","",EDATE(N15,12)) | Q15: =IF(P15="","",EDATE(P15,24))
C16: =IF(B16="","",EDATE(B16,12)) | E16: =IF(D16="","",EDATE(D16,36)) | G16: =IF(F16="","",EDATE(F16,12)) | I16: =IF(H16="","",EDATE(H16,12)) | K16: =IF(J16="","",EDATE(J16,36)) | M16: =IF(L16="","",EDATE(L16,12)) | O16: =IF(N16="","",EDATE(N16,12)) | Q16: =IF(P16="","",EDATE(P16,24))
C17: =IF(B17="","",EDATE(B17,12)) | E17: =IF(D17="","",EDATE(D17,36)) | G17: =IF(F17="","",EDATE(F17,12)) | I17: =IF(H17="","",EDATE(H17,12)) | K17: =IF(J17="","",EDATE(J17,36)) | M17: =IF(L17="","",EDATE(L17,12)) | O17: =IF(N17="","",EDATE(N17,12)) | Q17: =IF(P17="","",EDATE(P17,24))
C18: =IF(B18="","",EDATE(B18,12)) | E18: =IF(D18="","",EDATE(D18,36)) | G18: =IF(F18="","",EDATE(F18,12)) | I18: =IF(H18="","",EDATE(H18,12)) | K18: =IF(J18="","",EDATE(J18,36)) | M18: =IF(L18="","",EDATE(L18,12)) | O18: =IF(N18="","",EDATE(N18,12)) | Q18: =IF(P18="","",EDATE(P18,24))
... C26: =IF(B26="","",EDATE(B26,12)) | E26: =IF(D26="","",EDATE(D26,36)) | G26: =IF(F26="","",EDATE(F26,12)) | I26: =IF(H26="","",EDATE(H26,12)) | K26: =IF(J26="","",EDATE(J26,36)) | M26: =IF(L26="","",EDATE(L26,12)) | O26: =IF(N26="","",EDATE(N26,12)) | Q26: =IF(P26="","",EDATE(P26,24))

Sheet Supervision tracker
A1: Supervision tracker
A2: Name, your cycle in days (28 is common), and the date of the last supervision. The tinted columns compute themselves. The manager goes on this list too.
A4: Staff member | B4: Cycle (days) | C4: Last supervision | D4: Days since | E4: Standing
A5: Example, overtype or delete me | B5: 28 | C5: 46231 | D5: =IF(C5="","",TODAY()-C5) | E5: =IF(C5="","",IF(TODAY()-C5>B5,"OVERDUE",IF(TODAY()-C5>B5-7,"DUE","OK")))
D6: =IF(C6="","",TODAY()-C6) | E6: =IF(C6="","",IF(TODAY()-C6>B6,"OVERDUE",IF(TODAY()-C6>B6-7,"DUE","OK")))
D7: =IF(C7="","",TODAY()-C7) | E7: =IF(C7="","",IF(TODAY()-C7>B7,"OVERDUE",IF(TODAY()-C7>B7-7,"DUE","OK")))
D8: =IF(C8="","",TODAY()-C8) | E8: =IF(C8="","",IF(TODAY()-C8>B8,"OVERDUE",IF(TODAY()-C8>B8-7,"DUE","OK")))
D9: =IF(C9="","",TODAY()-C9) | E9: =IF(C9="","",IF(TODAY()-C9>B9,"OVERDUE",IF(TODAY()-C9>B9-7,"DUE","OK")))
D10: =IF(C10="","",TODAY()-C10) | E10: =IF(C10="","",IF(TODAY()-C10>B10,"OVERDUE",IF(TODAY()-C10>B10-7,"DUE","OK")))
D11: =IF(C11="","",TODAY()-C11) | E11: =IF(C11="","",IF(TODAY()-C11>B11,"OVERDUE",IF(TODAY()-C11>B11-7,"DUE","OK")))
D12: =IF(C12="","",TODAY()-C12) | E12: =IF(C12="","",IF(TODAY()-C12>B12,"OVERDUE",IF(TODAY()-C12>B12-7,"DUE","OK")))
D13: =IF(C13="","",TODAY()-C13) | E13: =IF(C13="","",IF(TODAY()-C13>B13,"OVERDUE",IF(TODAY()-C13>B13-7,"DUE","OK")))
D14: =IF(C14="","",TODAY()-C14) | E14: =IF(C14="","",IF(TODAY()-C14>B14,"OVERDUE",IF(TODAY()-C14>B14-7,"DUE","OK")))
D15: =IF(C15="","",TODAY()-C15) | E15: =IF(C15="","",IF(TODAY()-C15>B15,"OVERDUE",IF(TODAY()-C15>B15-7,"DUE","OK")))
D16: =IF(C16="","",TODAY()-C16) | E16: =IF(C16="","",IF(TODAY()-C16>B16,"OVERDUE",IF(TODAY()-C16>B16-7,"DUE","OK")))
D17: =IF(C17="","",TODAY()-C17) | E17: =IF(C17="","",IF(TODAY()-C17>B17,"OVERDUE",IF(TODAY()-C17>B17-7,"DUE","OK")))
... D25: =IF(C25="","",TODAY()-C25) | E25: =IF(C25="","",IF(TODAY()-C25>B25,"OVERDUE",IF(TODAY()-C25>B25-7,"DUE","OK")))

Sheet DBS re-check log
A1: DBS re-check log
A2: For staff on the Update Service: there is no set frequency in the regulations, and a common policy is a status check every six months (one minute each, with consent). Note the date and the next one computes itself.
A4: Staff member | B4: Certificate number | C4: On the Update Service? | D4: Last status check | E4: Next check due | F4: Notes
A5: Example, overtype or delete me | B5: 001234567890 | C5: Yes | D5: 46071 | E5: =IF(D5="","",EDATE(D5,6)) | F5: No change
E6: =IF(D6="","",EDATE(D6,6))
E7: =IF(D7="","",EDATE(D7,6))
E8: =IF(D8="","",EDATE(D8,6))
E9: =IF(D9="","",EDATE(D9,6))
E10: =IF(D10="","",EDATE(D10,6))
E11: =IF(D11="","",EDATE(D11,6))
E12: =IF(D12="","",EDATE(D12,6))
E13: =IF(D13="","",EDATE(D13,6))
E14: =IF(D14="","",EDATE(D14,6))
E15: =IF(D15="","",EDATE(D15,6))
E16: =IF(D16="","",EDATE(D16,6))
E17: =IF(D17="","",EDATE(D17,6))
... E25: =IF(D25="","",EDATE(D25,6))

Sheet Governance clocks
A1: Governance clocks
A2: Type the date each document was last reviewed; the next-due date computes itself. Below: the monthly independent visit grid.
A4: Document | B4: Last reviewed | C4: Review every (months) | D4: Next due
A5: Statement of purpose | C5: 12 | D5: =IF(B5="","",EDATE(B5,C5))
A6: Location risk assessment | C6: 12 | D6: =IF(B6="","",EDATE(B6,C6))
A7: Safeguarding policy | C7: 12 | D7: =IF(B7="","",EDATE(B7,C7))
A8: Behaviour support policy | C8: 12 | D8: =IF(B8="","",EDATE(B8,C8))
A9: Missing child policy | C9: 12 | D9: =IF(B9="","",EDATE(B9,C9))
A10: Complaints policy | C10: 12 | D10: =IF(B10="","",EDATE(B10,C10))
A11: Lone working assessment | C11: 12 | D11: =IF(B11="","",EDATE(B11,C11))
A12: Workforce plan | C12: 12 | D12: =IF(B12="","",EDATE(B12,C12))
A14: The monthly visit (regulation 44)
A15: Month | B15: Visit date | C15: Report received | D15: Actions all closed?
A16: January
A17: February
A18: March
A19: April
A20: May
A21: June
A22: July
A23: August
A24: September
A25: October
A26: November
A27: December
A29: Reg 45 quality of care review: due every six months, sent to Ofsted within 28 days of completing it.

Sheet Staff file checklist
A1: The staff file, Schedule 2
A2: One sheet per person: duplicate this tab and name it after them. An inspector reads a file against exactly this list.
A4: What the file must hold | B4: What satisfies it | C4: In the file? | D4: Date checked | E4: Notes
A5: Proof of identity, with a recent photograph | B5: Passport or licence plus a dated photo, copies in the file
A6: Enhanced DBS with children's barred list check | B6: Certificate number and date recorded; never the disclosure content
A7: Two written references, one from the most recent employer | B7: On file, checked by phone, with a note of the call
A8: Why previous work with children or vulnerable adults ended | B8: Checked as far as practicable, in writing
A9: Documentary evidence of qualifications | B9: The certificates themselves, not a CV line
A10: Full employment history with every gap explained in writing | B10: Use the Employment gaps tab; anything over a month needs a sentence
A11: Right to work in the UK | B11: Evidence checked and copied before day one
A12: Health: fit for the role | B12: Assessment date recorded; the assessment itself stays with occupational health
A13: Interview record | B13: Who interviewed, when, and the judgment reached
A14: DBS Update Service status, if subscribed | B14: Consent noted and the date of the last status check

Sheet Employment gaps
A1: Employment history, gaps explained
A2: Work backwards from their current job. The most common file failure is a gap with no written explanation. "Travelling" written down is a pass. Silence is a finding.
A4: From (month/year) | B4: To (month/year) | C4: Employer, course, or what the gap was | D4: Role | E4: Reason for leaving | F4: Checked?

Sheet Inspection self-audit
A1: The inspector's opening list
A2: The eleven staff-side things every full inspection asks for. Grade yourself honestly before Ofsted does it for you.
A4: The inspector asks for | B4: Where yours lives today | C4: Ready / Question / Gap | D4: What would make it Ready
A5: Statement of purpose, current and reviewed
A6: Staff list with qualifications and planned qualification updates
A7: Recruitment and vetting records, complete for every person
A8: Training records, mandatory courses in date
A9: Supervision records, everyone in cycle including the manager
A10: Staffing rotas, planned and as actually worked
A11: Allegations records, held securely with timescales evidenced
A12: Reports of monthly regulation 44 visits
A13: Regulation 45 quality of care report, within six months
A14: Notifications made to Ofsted, with who else was told
A15: Location assessment, reviewed within the year
